{"cameraMode":{"drawMode":0,"name":"Shaded","section":"Shading Mode"},"sceneLighting":true,"audioPlay":false,"sceneViewState":{"m_AlwaysRefresh":false,"showFog":true,"showSkybox":true,"showFlares":true,"showImageEffects":true,"showParticleSystems":true,"showVisualEffectGraphs":true,"m_FxEnabled":true},"in2DMode":false,"pivot":{"x":-0.884105920791626,"y":0.5283216238021851,"z":1.2807097434997559},"rotation":{"x":0.003251628251746297,"y":0.813905656337738,"z":-0.0020883148536086084,"w":-0.5822720527648926},"size":5.245437145233154,"orthographic":false}