{"cameraMode":{"drawMode":0,"name":"Shaded","section":"Shading Mode"},"sceneLighting":true,"audioPlay":false,"sceneViewState":{"m_AlwaysRefresh":false,"showFog":true,"showSkybox":true,"showFlares":true,"showImageEffects":true,"showParticleSystems":true,"showVisualEffectGraphs":true,"m_FxEnabled":true},"in2DMode":false,"pivot":{"x":-0.884105920791626,"y":0.5283216238021851,"z":1.2807097434997559},"rotation":{"x":-0.011673813685774804,"y":0.8020261526107788,"z":-0.02288042940199375,"w":-0.5979602336883545},"size":2.245436668395996,"orthographic":false}