{"cameraMode":{"drawMode":0,"name":"Shaded","section":"Shading Mode"},"sceneLighting":true,"audioPlay":false,"sceneViewState":{"m_AlwaysRefresh":false,"showFog":true,"showSkybox":true,"showFlares":true,"showImageEffects":true,"showParticleSystems":true,"showVisualEffectGraphs":true,"m_FxEnabled":true},"in2DMode":false,"pivot":{"x":1.1991987228393555,"y":0.30176258087158205,"z":2.0404751300811769},"rotation":{"x":-0.2200586497783661,"y":-0.6366428136825562,"z":0.19074317812919618,"w":-0.7148537635803223},"size":4.326901912689209,"orthographic":false}