{"cameraMode":{"drawMode":0,"name":"Shaded","section":"Shading Mode"},"sceneLighting":true,"audioPlay":false,"sceneViewState":{"m_AlwaysRefresh":false,"showFog":true,"showSkybox":true,"showFlares":true,"showImageEffects":true,"showParticleSystems":true,"showVisualEffectGraphs":true,"m_FxEnabled":true},"in2DMode":false,"pivot":{"x":2.28529953956604,"y":0.8756933212280273,"z":-1.0822293758392335},"rotation":{"x":0.06511000543832779,"y":-0.04773649200797081,"z":0.005934035871177912,"w":0.9976543188095093},"size":0.6842416524887085,"orthographic":false}