{"cameraMode":{"drawMode":1,"name":"Wireframe","section":"Shading Mode"},"sceneLighting":true,"audioPlay":false,"sceneViewState":{"m_AlwaysRefresh":false,"showFog":true,"showSkybox":true,"showFlares":true,"showImageEffects":true,"showParticleSystems":true,"showVisualEffectGraphs":true,"m_FxEnabled":true},"in2DMode":false,"pivot":{"x":0.23603510856628419,"y":-1.4848113059997559,"z":1.031278371810913},"rotation":{"x":0.2787756323814392,"y":0.4272860288619995,"z":-0.13764415681362153,"w":0.8501907587051392},"size":15.710113525390625,"orthographic":false}