{"cameraMode":{"drawMode":0,"name":"Shaded","section":"Shading Mode"},"sceneLighting":true,"audioPlay":false,"sceneViewState":{"m_AlwaysRefresh":false,"showFog":true,"showSkybox":true,"showFlares":true,"showImageEffects":true,"showParticleSystems":true,"showVisualEffectGraphs":true,"m_FxEnabled":true},"in2DMode":false,"pivot":{"x":0.18973912298679353,"y":0.9599320292472839,"z":0.770106315612793},"rotation":{"x":0.22407901287078858,"y":0.515833854675293,"z":-0.13844501972198487,"w":0.8162093162536621},"size":3.836107015609741,"orthographic":false}