{"cameraMode":{"drawMode":0,"name":"Shaded","section":"Shading Mode"},"sceneLighting":true,"audioPlay":false,"sceneViewState":{"m_AlwaysRefresh":false,"showFog":true,"showSkybox":true,"showFlares":true,"showImageEffects":true,"showParticleSystems":true,"showVisualEffectGraphs":true,"m_FxEnabled":true},"in2DMode":false,"pivot":{"x":0.9660772085189819,"y":0.6450167894363403,"z":-1.1519337892532349},"rotation":{"x":0.1387617588043213,"y":0.5794923305511475,"z":-0.09761498123407364,"w":0.798281729221344},"size":2.7842414379119875,"orthographic":false}