{"cameraMode":{"drawMode":0,"name":"Shaded","section":"Shading Mode"},"sceneLighting":true,"audioPlay":false,"sceneViewState":{"m_AlwaysRefresh":false,"showFog":true,"showSkybox":true,"showFlares":true,"showImageEffects":true,"showParticleSystems":true,"showVisualEffectGraphs":true,"m_FxEnabled":true},"in2DMode":false,"pivot":{"x":0.8372270464897156,"y":0.7034839987754822,"z":1.4650297164916993},"rotation":{"x":0.2591504454612732,"y":-0.19449198246002198,"z":0.05656913295388222,"w":0.9449171423912048},"size":3.126901865005493,"orthographic":false}